Q1,Q2,Q4,Q5,Q6
date,topic,interesting,included,belong
"{""ImportId"":""QID1_TEXT""}","{""ImportId"":""QID8_TEXT""}","{""ImportId"":""QID3""}","{""ImportId"":""QID4""}","{""ImportId"":""QID5""}"
Sep 29th,Activity,Not at all,Agree,Strongly agree
Sep 29th,Activity,Somewhat,Agree,Neutral
Sep 29th,Activity,Fairly,Neutral,Neutral
Sep 29th,Activity,Fairly,Agree,Agree
Sep 29th,Activity,Very,Agree,Agree
Sep 29th,Activity,Very,Strongly agree,Agree
Sep 29th,Activity,Very,Agree,Agree
Sep 29th,Activity,Very,Agree,Agree
Sep 29th,Activity,Very,Strongly agree,Strongly agree
Sep 29th,Activity,Very,Agree,Agree
Sep 29th,Activity,Very,Agree,Agree
Sep 29th,Activity,Very,Agree,Agree
Sep 29th,Activity,Very,Agree,Agree
Sep 29th,Activity,Very,Agree,Agree
Sep 29th,Activity,Very,Strongly agree,Strongly agree
Sep 29th,Activity,Very,Strongly agree,Agree
Sep 29th,Activity,Very,Strongly agree,Strongly agree
Sep 29th,Activity,Very,Agree,Agree
Sep 29th,Activity,Fairly,Agree,Agree
Sep 29th,Activity,Very,Agree,Agree
Sep 29th,Activity,Very,Strongly agree,Strongly agree
Sep 29th,Activity,Fairly,Agree,Agree
Sep 29th,Activity,Very,Strongly agree,Strongly agree
Sep 29th,Activity,Very,Agree,Agree
Sep 29th,Activity,Very,Agree,Agree
Sep 29th,Activity,Very,Strongly agree,Strongly agree
Sep 29th,Activity,Very,Strongly agree,Agree
Sep 29th,Activity,Very,Strongly agree,Strongly agree
Sep 29th,Activity,Very,Strongly agree,Strongly agree
Sep 29th,Activity,Very,Strongly agree,Strongly agree
Sep 29th,Activity,Very,Strongly agree,Strongly agree
Sep 29th,Activity,Fairly,Strongly agree,Strongly agree
Sep 29th,Activity,Very,Agree,Agree
Sep 29th,Activity,Very,Agree,Agree
Sep 29th,Activity,Very,Agree,Agree
Sep 29th,Activity,Very,Strongly agree,Strongly agree
Sep 29th,Activity,Very,Strongly agree,Strongly agree
Sep 29th,Activity,Very,Strongly agree,Strongly agree
Sep 29th,Activity,Very,Agree,Agree
Sep 29th,Activity,Very,Strongly agree,Strongly agree
Sep 29th,Activity,Very,Strongly agree,Strongly agree
Sep 29th,Activity,Very,Agree,Agree
Sep 29th,Activity,Fairly,Strongly agree,Strongly agree
Sep 29th,Activity,Fairly,Strongly agree,Strongly agree
Sep 29th,Activity,Very,Strongly agree,Strongly agree
Sep 29th,Activity,Very,Strongly agree,Strongly agree
Sep 29th,Activity,Very,Strongly agree,Strongly agree
Sep 29th,Activity,Very,Agree,Strongly agree
Sep 29th,Activity,Very,Strongly agree,Strongly agree
Sep 29th,Activity,Very,Strongly agree,Strongly agree
Sep 29th,Activity,Very,Agree,Agree
Sep 29th,Activity,Very,Strongly agree,Agree
Sep 29th,Activity,Very,Strongly agree,Strongly agree
Sep 29th,Activity,Very,Strongly agree,Strongly agree
Sep 29th,Activity,Very,Strongly agree,Strongly agree
Sep 29th,Activity,Very,Strongly agree,Strongly agree
Sep 29th,Activity,Very,Strongly agree,Strongly agree
Sep 29th,Activity,Very,Agree,Agree
Sep 29th,Activity,Fairly,Agree,Agree
Sep 29th,Activity,Very,Agree,Agree
Sep 29th,Activity,Very,Strongly agree,Strongly agree
Sep 29th,Activity,Very,Strongly agree,Strongly agree
Sep 29th,Activity,Very,Strongly agree,Strongly agree
Oct 13th,Activity,Very,Strongly agree,Strongly agree
Oct 13th,Activity,Very,Agree,Agree
Oct 13th,Activity,Fairly,Strongly agree,Strongly agree
Oct 13th,Activity,Fairly,Agree,Agree
Oct 13th,Activity,Very,Strongly agree,Strongly agree
Oct 13th,Activity,Fairly,Strongly agree,Strongly agree
Oct 13th,Activity,Very,Strongly agree,Strongly agree
Oct 13th,Activity,Very,Strongly agree,Strongly agree
Oct 13th,Activity,Fairly,Strongly agree,Strongly agree
Oct 13th,Activity,Very,Agree,Agree
Oct 13th,Activity,Very,Strongly agree,Strongly agree
Oct 13th,Activity,Very,Strongly agree,Strongly agree
Oct 13th,Activity,Fairly,Strongly agree,Strongly agree
Oct 13th,Activity,Very,Strongly agree,Strongly agree
Oct 13th,Activity,Very,Strongly agree,Strongly agree
Oct 13th,Activity,Very,Strongly agree,Strongly agree
Oct 13th,Activity,Very,Strongly agree,Strongly agree
Oct 13th,Activity,Very,Strongly agree,Strongly agree
Oct 13th,Activity,Fairly,Agree,Agree
Oct 13th,Activity,Fairly,Strongly agree,Agree
Oct 13th,Activity,Very,Strongly agree,Strongly agree
Oct 13th,Activity,Very,Agree,Agree
Oct 13th,Activity,Very,Strongly agree,Strongly agree
Oct 13th,Activity,Very,Strongly agree,Strongly agree
Oct 13th,Activity,Very,Strongly agree,Strongly agree
Oct 13th,Activity,Very,Strongly agree,Agree
Oct 13th,Activity,Very,Strongly agree,Strongly agree
Oct 13th,Activity,Very,Strongly agree,Strongly agree
Oct 13th,Activity,Very,Strongly agree,Strongly agree
Oct 13th,Activity,Very,Strongly agree,Strongly agree
Oct 13th,Activity,Very,Strongly agree,Strongly agree
Oct 13th,Activity,Very,Strongly agree,Strongly agree
Oct 13th,Activity,Very,Strongly agree,Strongly agree
Oct 13th,Activity,Very,Strongly agree,Strongly agree
Oct 13th,Activity,Very,Strongly agree,Strongly agree
Oct 13th,Activity,Very,Strongly agree,Strongly agree
Oct 27th,Activity,Very,Strongly agree,Strongly agree
Oct 27th,Activity,Fairly,Agree,Agree
Oct 27th,Activity,Very,Strongly agree,Strongly agree
Oct 27th,Activity,Fairly,Strongly agree,Strongly agree
Oct 27th,Activity,Fairly,Strongly agree,Strongly agree
Oct 27th,Activity,Very,Strongly agree,Strongly agree
Oct 27th,Activity,Very,Strongly agree,Strongly agree
Oct 27th,Activity,Very,Neutral,Strongly agree
Oct 27th,Activity,Very,Strongly agree,Strongly agree
Oct 27th,Activity,Fairly,Strongly agree,Strongly agree
Oct 27th,Activity,Very,Strongly agree,Strongly agree
Oct 27th,Activity,Fairly,Neutral,Neutral
Oct 27th,Activity,Very,Strongly agree,Strongly agree
Oct 27th,Activity,Very,Strongly agree,Strongly agree
Oct 27th,Activity,Very,Strongly agree,Strongly agree
Oct 27th,Activity,Very,Strongly agree,Strongly agree
Oct 27th,Activity,Very,Strongly agree,Strongly agree
Oct 27th,Activity,Very,Strongly agree,Strongly agree
Oct 27th,Activity,Very,Strongly agree,Strongly agree
Oct 27th,Activity,Very,Strongly agree,Strongly agree
Oct 27th,Activity,Very,Strongly agree,Strongly agree
Oct 27th,Activity,Very,Strongly agree,Strongly agree
Oct 27th,Activity,Very,Strongly agree,Strongly agree
Oct 27th,Activity,Very,Strongly agree,Strongly agree
Oct 27th,Activity,Very,Agree,Agree
Oct 27th,Activity,Very,Strongly agree,Strongly agree
Oct 27th,Activity,Fairly,Strongly agree,Agree
Oct 27th,Activity,Fairly,Agree,Agree
Oct 27th,Activity,Very,Strongly agree,Strongly agree
Oct 27th,Activity,Very,Strongly agree,Strongly agree
Oct 27th,Activity,Fairly,Agree,Agree
Oct 27th,Activity,Very,Strongly agree,Strongly agree
Oct 27th,Activity,Very,Strongly agree,Strongly agree
Oct 27th,Activity,Very,Strongly agree,Strongly agree
Oct 27th,Activity,Very,Agree,Agree
Oct 27th,Activity,Very,Strongly agree,Strongly agree
Oct 27th,Activity,Very,Strongly agree,Strongly agree
Oct 27th,Activity,Very,Strongly agree,Strongly agree
Oct 27th,Activity,Very,Strongly agree,Strongly agree
Oct 27th,Activity,Very,Strongly agree,Strongly agree
Oct 27th,Activity,Very,Strongly agree,Strongly agree
Oct 27th,Activity,Fairly,Strongly agree,Strongly agree
Oct 27th,Activity,Very,Strongly agree,Strongly agree
Oct 27th,Activity,Fairly,Strongly agree,Strongly agree
Oct 27th,Activity,Very,Strongly agree,Strongly agree
Oct 27th,Activity,Fairly,Agree,Neutral
Oct 27th,Activity,Fairly,Agree,Neutral
Oct 27th,Activity,Fairly,Agree,Agree
Oct 27th,Activity,Fairly,Agree,Agree
Oct 27th,Activity,Very,Strongly agree,Strongly agree
Oct 27th,Activity,Very,Strongly agree,Agree
Oct 27th,Activity,Very,Agree,Agree
Oct 27th,Activity,Very,Strongly agree,Strongly agree
Oct 27th,Activity,Very,Strongly agree,Strongly agree
Oct 27th,Activity,Very,Strongly agree,Strongly agree
Oct 27th,Activity,Very,Strongly agree,Strongly agree
Oct 27th,Activity,Fairly,Strongly agree,Strongly agree
Oct 27th,Activity,Very,Strongly agree,Strongly agree
Oct 27th,Activity,Very,Strongly agree,Strongly agree
Oct 27th,Activity,Very,Agree,Agree
Oct 27th,Activity,Fairly,Strongly agree,Strongly agree
Oct 27th,Activity,Very,Strongly agree,Strongly agree
Oct 27th,Activity,Very,Strongly agree,Strongly agree
Oct 27th,Activity,Very,Strongly agree,Strongly agree
Oct 27th,Activity,Very,Strongly agree,Strongly agree
Oct 27th,Activity,Very,Agree,Agree
Oct 27th,Activity,Fairly,Agree,Agree
Oct 27th,Activity,Very,Strongly agree,Strongly agree
Oct 27th,Activity,Very,Strongly agree,Strongly agree
Oct 27th,Activity,Very,Strongly agree,Agree
Oct 27th,Activity,Very,Strongly agree,Strongly agree
Oct 27th,Activity,Fairly,Strongly agree,Strongly agree
Oct 27th,Activity,Very,Agree,Agree
Oct 27th,Activity,Very,Agree,Agree
Oct 27th,Activity,Fairly,Agree,Agree
Oct 27th,Activity,Very,Agree,Strongly agree
Oct 27th,Activity,Very,Strongly agree,Strongly agree
Oct 27th,Activity,Very,Strongly agree,Strongly agree
Oct 27th,Activity,Very,Strongly agree,Strongly agree
Nov 17th,Guest Presenter,Very,Strongly agree,Strongly agree
Nov 17th,Guest Presenter,Very,Agree,Neutral
Nov 17th,Guest Presenter,Very,Strongly agree,Strongly agree
Nov 17th,Guest Presenter,Very,Strongly agree,Strongly agree
Nov 17th,Guest Presenter,Very,Agree,Agree
Nov 17th,Guest Presenter,Very,Strongly agree,Strongly agree
Nov 17th,Guest Presenter,Very,Strongly agree,Strongly agree
Nov 17th,Guest Presenter,Very,Strongly agree,Strongly agree
Nov 17th,Guest Presenter,Very,Strongly agree,Strongly agree
Nov 17th,Guest Presenter,Fairly,Strongly agree,Agree
Nov 17th,Guest Presenter,Very,Strongly agree,Strongly agree
Nov 17th,Guest Presenter,Very,Strongly agree,Strongly agree
Nov 17th,Guest Presenter,Very,Strongly agree,Strongly agree
Nov 17th,Guest Presenter,Very,Strongly agree,Strongly agree
Nov 17th,Guest Presenter,Very,Strongly agree,Strongly agree
Nov 17th,Guest Presenter,Very,Strongly agree,Strongly agree
Nov 17th,Guest Presenter,Very,Strongly agree,Strongly agree
Nov 17th,Guest Presenter,Fairly,Strongly agree,Strongly agree
Nov 17th,Guest Presenter,Very,Agree,Strongly agree
Nov 17th,Guest Presenter,Very,Strongly agree,Strongly agree
Nov 17th,Guest Presenter,Very,Neutral,Neutral
Nov 17th,Guest Presenter,Fairly,Strongly agree,Strongly agree
Nov 17th,Guest Presenter,Very,Strongly agree,Strongly agree
Nov 17th,Guest Presenter,Fairly,Strongly agree,Strongly agree
Nov 17th,Guest Presenter,Very,Strongly agree,Strongly agree
Nov 17th,Guest Presenter,Very,Strongly agree,Strongly agree
Nov 17th,Guest Presenter,Very,Strongly agree,Strongly agree
Nov 17th,Guest Presenter,Very,Strongly agree,Strongly agree
Nov 17th,Guest Presenter,Very,Strongly agree,Strongly agree
Nov 17th,Guest Presenter,Very,Strongly agree,Strongly agree
Nov 17th,Guest Presenter,Very,Strongly agree,Strongly agree
Nov 17th,Guest Presenter,Very,Strongly agree,Strongly agree
Nov 17th,Guest Presenter,Fairly,Agree,Agree
Nov 17th,Guest Presenter,Very,Strongly agree,Strongly agree
Nov 17th,Guest Presenter,Fairly,Agree,Agree
Nov 17th,Guest Presenter,Very,Strongly agree,Strongly agree
Nov 17th,Guest Presenter,Very,Strongly agree,Strongly agree
Nov 17th,Guest Presenter,Very,Agree,Strongly agree
Nov 17th,Guest Presenter,Very,Agree,Agree
Nov 17th,Guest Presenter,Very,Agree,Agree
Nov 17th,Guest Presenter,Very,Strongly agree,Agree
Nov 17th,Guest Presenter,Very,Strongly agree,Strongly agree
Nov 17th,Guest Presenter,Very,Agree,Agree
Nov 17th,Guest Presenter,Very,Strongly agree,Neutral
Nov 17th,Guest Presenter,Very,Strongly agree,Strongly agree
Nov 17th,Guest Presenter,Very,Strongly agree,Strongly agree
Nov 17th,Guest Presenter,Very,Strongly agree,Strongly agree
Nov 17th,Guest Presenter,Very,Strongly agree,Neutral
Nov 17th,Guest Presenter,Very,Strongly agree,Strongly agree
Nov 17th,Guest Presenter,Very,Agree,Agree
Nov 17th,Guest Presenter,Fairly,Strongly agree,Strongly agree
Nov 17th,Guest Presenter,Very,Strongly agree,Strongly agree
Nov 17th,Guest Presenter,Very,Strongly agree,Strongly agree
Nov 17th,Guest Presenter,Very,Strongly agree,Strongly agree
Nov 17th,Guest Presenter,Very,Strongly agree,Strongly agree
Nov 17th,Guest Presenter,Very,Strongly agree,Strongly agree
Nov 17th,Guest Presenter,Very,Strongly agree,Strongly agree
Nov 17th,Guest Presenter,Very,Strongly agree,Strongly agree
Nov 17th,Guest Presenter,Very,Strongly agree,Strongly agree
Nov 17th,Guest Presenter,Very,Strongly agree,Strongly agree
Nov 17th,Guest Presenter,Very,Agree,Agree
Nov 17th,Guest Presenter,Very,Strongly agree,Strongly agree
Nov 17th,Guest Presenter,Very,Agree,Agree
Nov 17th,Guest Presenter,Very,Strongly agree,Strongly agree
Nov 17th,Guest Presenter,Very,Strongly agree,Strongly agree
Nov 17th,Guest Presenter,Very,Agree,Agree
Nov 17th,Guest Presenter,Very,Strongly agree,Strongly agree
Nov 17th,Guest Presenter,Very,Agree,Agree
Nov 17th,Guest Presenter,Very,Strongly agree,Strongly agree
Nov 17th,Guest Presenter,Very,Strongly agree,Strongly agree
Nov 17th,Guest Presenter,Very,Strongly agree,Strongly agree
Nov 17th,Guest Presenter,Very,Strongly agree,Strongly agree
Nov 17th,Guest Presenter,Very,Strongly agree,Agree
Nov 17th,Guest Presenter,Very,Agree,Agree
Dec 1st,Discussion,Very,Strongly agree,
Dec 1st,Discussion,Very,Strongly agree,Strongly agree
Dec 1st,Discussion,Fairly,Strongly agree,Strongly agree
Dec 1st,Discussion,Very,Strongly agree,Strongly agree
Dec 1st,Discussion,Fairly,Strongly agree,Strongly agree
Dec 1st,Discussion,Very,Agree,Agree
Dec 1st,Discussion,Somewhat,Agree,Neutral
Dec 1st,Discussion,Fairly,Strongly agree,Strongly agree
Dec 1st,Discussion,Fairly,Strongly agree,Strongly agree
Dec 1st,Discussion,Fairly,Strongly agree,Strongly agree
Dec 1st,Discussion,Very,Strongly agree,Strongly agree
Dec 1st,Discussion,Somewhat,Strongly agree,Strongly agree
Dec 1st,Discussion,Very,Strongly agree,Strongly agree
Dec 1st,Discussion,Very,Strongly agree,Strongly agree
Dec 1st,Discussion,Very,Agree,Agree
Dec 1st,Discussion,Very,Strongly agree,Strongly agree
Dec 1st,Discussion,Fairly,Strongly agree,Strongly agree
Dec 1st,Discussion,Fairly,Strongly agree,Strongly agree
Dec 1st,Discussion,Fairly,Strongly agree,Strongly agree
Dec 1st,Discussion,Very,Strongly agree,Strongly agree
Dec 1st,Discussion,Fairly,Strongly agree,Strongly agree
Dec 1st,Discussion,Very,Strongly agree,Strongly agree
Dec 1st,Discussion,Very,Strongly agree,Strongly agree
Dec 1st,Discussion,Very,Strongly agree,Strongly agree
Dec 1st,Discussion,Fairly,Strongly agree,Strongly agree
Dec 1st,Discussion,Fairly,Strongly agree,Strongly agree
Dec 1st,Discussion,Very,Strongly agree,Strongly agree
Dec 1st,Discussion,Very,Strongly agree,Strongly agree
Dec 1st,Discussion,Very,Strongly agree,Strongly agree
Dec 1st,Discussion,Very,Strongly agree,Strongly agree
Dec 1st,Discussion,Very,Strongly agree,Strongly agree
Dec 1st,Discussion,Very,Strongly agree,Strongly agree
Dec 1st,Discussion,Very,Strongly agree,Strongly agree
Dec 1st,Discussion,Fairly,Agree,Agree
Dec 1st,Discussion,Fairly,Agree,Agree
Dec 1st,Discussion,Fairly,Agree,Agree
Dec 1st,Discussion,Fairly,Agree,Agree
Dec 1st,Discussion,Fairly,Strongly agree,Agree
Dec 1st,Discussion,Very,Strongly agree,Strongly agree
Dec 1st,Discussion,Fairly,Agree,Agree
Dec 1st,Discussion,Fairly,Agree,Strongly agree
Dec 1st,Discussion,Fairly,Agree,Agree
Dec 1st,Discussion,Very,Agree,Agree
Dec 1st,Discussion,Very,Strongly agree,Strongly agree
Dec 1st,Discussion,Fairly,Strongly agree,Strongly agree
Dec 1st,Discussion,Fairly,Strongly agree,Strongly agree
Dec 1st,Discussion,Fairly,Strongly agree,Strongly agree
Dec 1st,Discussion,Very,Strongly agree,Strongly agree
Dec 1st,Discussion,Very,Strongly agree,Strongly agree
Dec 1st,Discussion,Very,Strongly agree,Strongly agree
Dec 1st,Discussion,Fairly,Agree,Agree
Dec 1st,Discussion,Fairly,Agree,Agree
Dec 1st,Discussion,Fairly,Agree,Agree
Dec 1st,Discussion,Very,Strongly agree,Strongly agree
Dec 1st,Discussion,Fairly,Agree,Agree
Dec 1st,Discussion,Fairly,Agree,Agree
Dec 1st,Discussion,Not at all,Agree,Agree
Dec 1st,Discussion,Somewhat,Agree,Agree
Dec 1st,Discussion,Very,Strongly agree,Strongly agree
Dec 1st,Discussion,Fairly,Strongly agree,Strongly agree
Dec 1st,Discussion,Somewhat,Strongly agree,Strongly agree
Dec 1st,Discussion,Very,Strongly agree,Strongly agree
Dec 1st,Discussion,Very,Strongly agree,Strongly agree
Dec 1st,Discussion,Very,Strongly agree,Strongly agree
Dec 1st,Discussion,Very,Strongly agree,Strongly agree
Dec 1st,Discussion,Very,Strongly agree,Strongly agree
Dec 1st,Discussion,Very,Strongly agree,Strongly agree
Dec 1st,Discussion,Fairly,Strongly agree,Strongly agree
Dec 1st,Discussion,Very,Strongly agree,Strongly agree
Dec 1st,Discussion,Very,Strongly agree,Strongly agree
Dec 1st,Discussion,Very,Strongly agree,Strongly agree
Dec 1st,Discussion,Very,Agree,Agree
Dec 1st,Discussion,Very,Strongly agree,Strongly agree
Dec 1st,Discussion,Fairly,Agree,Agree
Dec 1st,Discussion,Fairly,Strongly agree,Strongly agree
Dec 1st,Discussion,Fairly,Strongly agree,Strongly agree
Dec 1st,Discussion,Fairly,Agree,Agree
Dec 1st,Discussion,Very,Strongly agree,Strongly agree
Dec 1st,Discussion,Fairly,Strongly agree,Strongly agree
Dec 1st,Discussion,Fairly,Agree,Agree
Dec 1st,Discussion,Fairly,Strongly agree,Strongly agree
Dec 1st,Discussion,Very,Strongly agree,Strongly agree
Dec 1st,Discussion,Fairly,Agree,Agree
Dec 1st,Discussion,Very,Strongly agree,Strongly agree
Dec 1st,Discussion,Very,Strongly agree,Strongly agree
Dec 1st,Discussion,Very,Strongly agree,Strongly agree
Dec 1st,Discussion,Very,Strongly agree,Strongly agree
Dec 1st,Discussion,Very,Strongly agree,Agree
Dec 1st,Discussion,Very,Strongly agree,Strongly agree
Dec 15th,Hangout,Very,Agree,Agree
Dec 15th,Hangout,Very,Strongly agree,Strongly agree
Dec 15th,Hangout,Fairly,Agree,Agree
Dec 15th,Hangout,Very,Strongly agree,Strongly agree
Dec 15th,Hangout,Very,Strongly agree,Strongly agree
Dec 15th,Hangout,Very,Strongly agree,Strongly agree
Dec 15th,Hangout,Very,Strongly agree,Strongly agree
Dec 15th,Hangout,Very,Strongly agree,Strongly agree
Dec 15th,Hangout,Very,Strongly agree,Strongly agree
Dec 15th,Hangout,Very,Strongly agree,Strongly agree
Dec 15th,Hangout,Fairly,Strongly agree,Strongly agree
Dec 15th,Hangout,Very,Strongly agree,Strongly agree
Dec 15th,Hangout,Very,Strongly agree,Strongly agree
Dec 15th,Hangout,Very,Strongly agree,Strongly agree
Dec 15th,Hangout,Very,Strongly agree,Strongly agree
Dec 15th,Hangout,Very,Strongly agree,Strongly agree
Dec 15th,Hangout,Very,Strongly agree,Strongly agree
Dec 15th,Hangout,Fairly,Strongly agree,Strongly agree
Dec 15th,Hangout,Very,Strongly agree,Strongly agree
Dec 15th,Hangout,Very,Strongly agree,Strongly agree
Dec 15th,Hangout,Very,Strongly agree,Strongly agree
Dec 15th,Hangout,Very,Agree,Neutral
Dec 15th,Hangout,Very,Strongly agree,Strongly agree
Dec 15th,Hangout,Very,Strongly agree,Strongly agree
Dec 15th,Hangout,Fairly,Agree,Agree
Dec 15th,Hangout,Very,Strongly agree,Strongly agree
Dec 15th,Hangout,Very,Strongly agree,Strongly agree
Dec 15th,Hangout,Fairly,Strongly agree,Strongly agree
Dec 15th,Hangout,Fairly,Strongly agree,Strongly agree
Dec 15th,Hangout,Fairly,Agree,Agree
Dec 15th,Hangout,Very,Strongly agree,Strongly agree
Dec 15th,Hangout,Very,Strongly agree,Strongly agree
Dec 15th,Hangout,Very,Strongly agree,Strongly agree
Dec 15th,Hangout,Very,Strongly agree,Strongly agree
Dec 15th,Hangout,Very,Agree,Agree
Dec 15th,Hangout,Very,Agree,Agree
Dec 15th,Hangout,Very,Strongly agree,Strongly agree
Dec 15th,Hangout,Very,Strongly agree,Strongly agree
Dec 15th,Hangout,Somewhat,Agree,Agree
Dec 15th,Hangout,Fairly,Strongly agree,Strongly agree
Dec 15th,Hangout,Somewhat,Strongly agree,Strongly agree
Dec 15th,Hangout,Very,Strongly agree,Strongly agree
Dec 15th,Hangout,Very,Strongly agree,Strongly agree
Dec 15th,Hangout,Very,Agree,Strongly agree
Dec 15th,,Very,Strongly agree,Strongly agree
Dec 15th,,Very,Strongly agree,Strongly agree
Dec 15th,,Very,Strongly agree,Strongly agree
Dec 15th,,Very,Strongly agree,Strongly agree
Dec 15th,,Fairly,Agree,Agree
Dec 15th,,Very,Strongly agree,Strongly agree
Dec 15th,,Very,Strongly agree,Strongly agree
Dec 15th,,Very,Strongly agree,Strongly agree
Dec 15th,,Very,Strongly agree,Strongly agree
Dec 15th,,Very,Strongly agree,Strongly agree
Dec 15th,,Very,Strongly agree,Strongly agree
Dec 15th,,Very,Strongly agree,Strongly agree
Dec 15th,,Very,Strongly agree,Strongly agree
Dec 15th,,Fairly,Strongly agree,Strongly agree
Dec 15th,,Very,Strongly agree,Strongly agree
Dec 15th,,Very,Strongly agree,Strongly agree
Dec 15th,Hangout,Very,Strongly agree,Strongly agree
Dec 15th,Hangout,Fairly,Agree,Agree
Dec 15th,Hangout,Fairly,Strongly agree,Strongly agree
Dec 15th,Hangout,Very,Strongly agree,Strongly agree
Dec 15th,Hangout,Fairly,Agree,Agree
Dec 15th,Hangout,Very,Strongly agree,Strongly agree
Dec 15th,Hangout,Very,Strongly agree,Strongly agree
Dec 15th,Hangout,Very,Strongly agree,Strongly agree
Dec 15th,Hangout,Fairly,Neutral,Neutral
Dec 15th,Hangout,Fairly,Agree,Agree
Dec 15th,Hangout,Very,Disagree,Strongly agree
Dec 15th,Hangout,Fairly,Neutral,Neutral
Dec 15th,Hangout,Fairly,Agree,Agree
Dec 15th,Hangout,Fairly,Neutral,Neutral
Dec 15th,Hangout,Fairly,Strongly agree,Strongly agree
Dec 15th,Hangout,Very,Agree,Agree
Dec 15th,Hangout,Very,Agree,Agree
Dec 15th,Hangout,Very,Strongly agree,Agree
Dec 15th,Hangout,Fairly,Strongly agree,Strongly agree
Dec 15th,Hangout,Fairly,Strongly agree,Strongly agree
Dec 15th,Hangout,Very,Strongly agree,Strongly agree
Dec 15th,Hangout,Fairly,Strongly agree,Strongly agree
Dec 15th,Hangout,Very,Strongly agree,Strongly agree
Dec 15th,Hangout,Very,Strongly agree,Strongly agree
Dec 15th,Hangout,Very,Strongly agree,Strongly agree
Dec 15th,Hangout,Very,Agree,Agree
Dec 15th,Hangout,Very,Strongly agree,Strongly agree
Dec 15th,Hangout,Very,Strongly agree,Strongly agree
Dec 15th,Hangout,Very,Strongly agree,Strongly agree
Dec 15th,Hangout,Very,Strongly agree,Strongly agree
Dec 15th,Hangout,Very,Strongly agree,Strongly agree
Dec 15th,Hangout,Very,Strongly agree,Strongly agree
Dec 15th,Hangout,Very,Strongly agree,Strongly agree
Dec 15th,Hangout,Very,Strongly agree,
Dec 15th,Hangout,Very,Strongly agree,Strongly agree
Dec 15th,Hangout,Very,Strongly agree,Strongly agree
Dec 15th,Hangout,Very,Strongly agree,Strongly agree
Dec 15th,Hangout,Very,Strongly agree,Strongly agree
Dec 15th,Hangout,Very,Strongly agree,Strongly agree
Jan 18th,Outside School Event,Very,Strongly agree,Strongly agree
Jan 18th,Outside School Event,Very,Strongly agree,Strongly agree
Jan 18th,Outside School Event,Very,Strongly agree,Strongly agree
Jan 18th,Outside School Event,Very,Agree,Agree
Jan 18th,Outside School Event,Very,Strongly agree,Strongly agree
Jan 18th,Outside School Event,Very,Strongly agree,Strongly agree
Jan 18th,Outside School Event,Very,Strongly agree,Strongly agree
Jan 18th,Outside School Event,Very,Strongly agree,Strongly agree
Jan 18th,Outside School Event,Very,Strongly agree,Strongly agree
Jan 19th,Guest Presenter,Very,Strongly agree,Strongly agree
Jan 19th,Guest Presenter,Very,Strongly agree,Strongly agree
Jan 19th,Guest Presenter,Very,Strongly agree,Strongly agree
Jan 19th,Guest Presenter,Fairly,Strongly agree,Neutral
Jan 19th,Guest Presenter,Very,Strongly agree,Strongly agree
Jan 19th,Guest Presenter,Very,Agree,Agree
Jan 19th,Guest Presenter,Fairly,Agree,Strongly agree
Jan 19th,Guest Presenter,Very,Strongly agree,Strongly agree
Jan 19th,Guest Presenter,Very,Agree,Agree
Jan 19th,Guest Presenter,Very,Strongly agree,Strongly agree
Jan 19th,Guest Presenter,Very,Strongly agree,Strongly agree
Jan 19th,Guest Presenter,Very,Strongly agree,Strongly agree
Jan 19th,Guest Presenter,Very,Strongly agree,Strongly agree
Jan 19th,Guest Presenter,Fairly,Strongly agree,Strongly agree
Jan 19th,Guest Presenter,Very,Strongly agree,Strongly agree
Jan 19th,Guest Presenter,Very,Agree,Agree
Jan 19th,Guest Presenter,Fairly,Strongly agree,Strongly agree
Jan 19th,Guest Presenter,Fairly,Agree,Agree
Jan 19th,Guest Presenter,Very,Strongly agree,Strongly agree
Jan 19th,Guest Presenter,Very,Strongly agree,Neutral
Jan 19th,Guest Presenter,Very,Strongly agree,Strongly agree
Jan 19th,Guest Presenter,Very,Strongly agree,Strongly agree
Jan 19th,Guest Presenter,Very,Strongly agree,Strongly agree
Jan 19th,Guest Presenter,Very,Strongly agree,Strongly agree
Jan 19th,Guest Presenter,Very,Strongly agree,Strongly agree
Jan 19th,Guest Presenter,Very,Strongly agree,Strongly agree
Jan 19th,Guest Presenter,Very,Strongly agree,Strongly agree
Jan 19th,Guest Presenter,Very,Strongly agree,Strongly agree
Jan 19th,Guest Presenter,Very,Strongly agree,Strongly agree
Jan 19th,Guest Presenter,Very,Strongly agree,Strongly agree
Jan 19th,Guest Presenter,Very,Strongly agree,Strongly agree
Jan 19th,Guest Presenter,Fairly,Strongly agree,Strongly agree
Jan 19th,Guest Presenter,Very,Strongly agree,Strongly agree
Jan 19th,Guest Presenter,Somewhat,Strongly agree,Strongly agree
Jan 19th,Guest Presenter,Very,Strongly agree,Strongly agree
Jan 19th,Guest Presenter,Very,Agree,Agree
Jan 19th,Guest Presenter,Very,Strongly agree,Strongly agree
Jan 19th,Guest Presenter,Very,Strongly agree,Strongly agree
Jan 19th,Guest Presenter,Fairly,Strongly agree,Strongly agree
Jan 19th,Guest Presenter,Fairly,Agree,Agree
Jan 19th,Guest Presenter,Very,Strongly agree,Strongly agree
Jan 19th,Guest Presenter,Very,Strongly agree,Strongly agree
Jan 19th,Guest Presenter,Very,Strongly agree,Strongly agree
Jan 19th,Guest Presenter,Very,Strongly agree,Strongly agree
Jan 19th,Guest Presenter,Very,Strongly agree,Strongly agree
Jan 19th,Guest Presenter,Fairly,Agree,Neutral
Jan 19th,Guest Presenter,Very,Agree,Agree
Jan 19th,Guest Presenter,Very,Strongly agree,Strongly agree
Jan 19th,Guest Presenter,Very,Strongly agree,Strongly agree
Jan 19th,Guest Presenter,Fairly,Agree,Neutral
Jan 19th,Guest Presenter,Very,Strongly agree,Agree
Jan 19th,Guest Presenter,Fairly,Strongly agree,Strongly agree
Jan 19th,Guest Presenter,Very,Strongly agree,Strongly agree
Jan 19th,Guest Presenter,Somewhat,Neutral,Neutral
Jan 19th,Guest Presenter,Very,Agree,Agree
Jan 19th,Guest Presenter,Very,Strongly agree,Strongly agree
Jan 19th,Guest Presenter,Very,Strongly agree,Strongly agree
Jan 19th,Guest Presenter,Very,Strongly agree,Strongly agree
Jan 19th,Guest Presenter,Very,Strongly agree,Strongly agree
Jan 19th,Guest Presenter,Very,Strongly agree,Strongly agree
Jan 19th,Guest Presenter,Very,Strongly agree,Strongly agree
Jan 19th,Guest Presenter,Very,Strongly agree,Strongly agree
Jan 19th,Guest Presenter,Very,Strongly agree,Strongly agree
Jan 19th,Guest Presenter,Very,Agree,Neutral
Jan 19th,Guest Presenter,Fairly,Strongly agree,Strongly agree
Jan 19th,Guest Presenter,Very,Strongly agree,Strongly agree
Jan 19th,Guest Presenter,Very,Strongly agree,Strongly agree
Jan 19th,Guest Presenter,Very,Strongly agree,Strongly agree
Jan 19th,Guest Presenter,Very,Strongly agree,Strongly agree
Jan 19th,Guest Presenter,Somewhat,Neutral,Neutral
Jan 19th,Guest Presenter,Very,Strongly agree,Strongly agree
Jan 19th,Guest Presenter,Very,Strongly agree,Strongly agree
Jan 19th,Guest Presenter,Very,Strongly agree,Strongly agree
Jan 19th,Guest Presenter,Very,Strongly agree,Strongly agree
Jan 19th,Guest Presenter,Very,Strongly agree,Strongly agree
Jan 19th,Guest Presenter,Very,Strongly agree,Strongly agree
Jan 19th,Guest Presenter,Fairly,Agree,Agree
Jan 19th,Guest Presenter,Very,Strongly agree,Strongly agree
Jan 19th,Guest Presenter,Fairly,Strongly agree,Strongly agree
Jan 19th,Guest Presenter,Somewhat,Agree,Agree
Jan 19th,Guest Presenter,Very,Strongly agree,Strongly agree
Jan 19th,Guest Presenter,Very,Agree,Agree
Jan 19th,Guest Presenter,Very,Strongly agree,Strongly agree
Jan 19th,Guest Presenter,Very,Agree,Agree
Jan 19th,Guest Presenter,Very,Strongly agree,Strongly agree
Jan 19th,Guest Presenter,Very,Agree,Agree
Jan 19th,Guest Presenter,Very,Agree,Agree
Jan 19th,Guest Presenter,Very,Strongly agree,Strongly agree
Jan 19th,Guest Presenter,Very,Strongly agree,Strongly agree
Jan 19th,Guest Presenter,Very,Strongly agree,Strongly agree
Jan 19th,Guest Presenter,Very,Strongly agree,Strongly agree
Jan 19th,Guest Presenter,Very,Strongly agree,Strongly agree
Jan 19th,Guest Presenter,Very,Strongly agree,Strongly agree
Jan 19th,Guest Presenter,Very,Agree,Agree
Jan 19th,Guest Presenter,Very,Strongly agree,Strongly agree
Jan 19th,Guest Presenter,Very,Strongly agree,Strongly agree
Jan 19th,Guest Presenter,Fairly,Neutral,Neutral
Jan 19th,Guest Presenter,Very,Strongly agree,Strongly agree
Jan 19th,Guest Presenter,Very,Agree,Agree
Jan 19th,Guest Presenter,Very,Strongly agree,Strongly agree
Jan 19th,Guest Presenter,Very,Strongly agree,Strongly agree
Jan 19th,Guest Presenter,Very,Strongly agree,Strongly agree
Feb 16th,Guest Speaker,Very,Strongly agree,Strongly agree
Feb 16th,Guest Speaker,Very,Strongly agree,Agree
Feb 16th,Guest Speaker,Very,Strongly agree,Strongly agree
Feb 16th,Guest Speaker,Very,Strongly agree,Agree
Feb 16th,Guest Speaker,Very,Strongly agree,Strongly agree
Feb 16th,Guest Speaker,Fairly,Neutral,Agree
Feb 16th,Guest Speaker,Fairly,Strongly agree,Strongly agree
Feb 16th,Guest Speaker,Very,Strongly agree,Strongly agree
Feb 16th,Guest Speaker,Very,Strongly agree,Strongly agree
Feb 16th,Guest Speaker,Very,Strongly agree,Strongly agree
Feb 16th,Guest Speaker,Fairly,Agree,Agree
Feb 16th,Guest Speaker,Very,Agree,Agree
Feb 16th,Guest Speaker,Very,Strongly agree,Strongly agree
Feb 16th,Guest Speaker,Very,Strongly agree,Strongly agree
Feb 16th,Guest Speaker,Fairly,Agree,Agree
Feb 16th,Guest Speaker,Very,Strongly agree,Strongly agree
Feb 16th,Guest Speaker,Very,Strongly agree,Strongly agree
Feb 16th,Guest Speaker,Very,Strongly agree,Strongly agree
Feb 16th,Guest Speaker,Fairly,Agree,Agree
Feb 16th,Guest Speaker,Somewhat,Agree,Strongly agree
Feb 16th,Guest Speaker,Very,Agree,Agree
Feb 16th,Guest Speaker,Fairly,Agree,Agree
Feb 16th,Guest Speaker,Somewhat,Strongly agree,Strongly agree
Feb 16th,Guest Speaker,Very,Strongly agree,Strongly agree
Feb 16th,Guest Speaker,Very,Strongly agree,Strongly agree
Feb 16th,Guest Speaker,Very,Strongly agree,Strongly agree
Feb 16th,Guest Speaker,Very,Strongly agree,Agree
Feb 16th,Guest Speaker,Very,Agree,Agree
Feb 16th,Guest Speaker,Fairly,Agree,Strongly agree
Feb 16th,Guest Speaker,Fairly,Agree,Agree
Feb 16th,Guest Speaker,Very,Agree,Agree
Feb 16th,Guest Speaker,Very,Strongly agree,Strongly agree
Feb 16th,Guest Speaker,Very,Strongly agree,Strongly agree
Feb 16th,Guest Speaker,Very,Strongly agree,Strongly agree
Feb 16th,Guest Speaker,Very,Strongly agree,Strongly agree
Feb 16th,Guest Speaker,Very,Strongly agree,Strongly agree
Feb 16th,Guest Speaker,Very,Agree,Agree
Feb 16th,Guest Speaker,Very,Strongly agree,Strongly agree
Feb 16th,Guest Speaker,Very,Strongly agree,Strongly agree
Feb 16th,Guest Speaker,Very,Strongly agree,Strongly agree
Feb 16th,Guest Speaker,Very,Strongly agree,Strongly agree
Feb 16th,Guest Speaker,Very,Strongly agree,Agree
Feb 16th,Guest Speaker,Very,Strongly agree,Strongly agree
Feb 16th,Guest Speaker,Fairly,Strongly agree,Strongly agree
Feb 16th,Guest Speaker,Fairly,Agree,Agree
Feb 16th,Guest Speaker,Fairly,Agree,Agree
Feb 16th,Guest Speaker,Very,Strongly agree,Strongly agree
Feb 16th,Guest Speaker,Fairly,Strongly agree,Strongly agree
Feb 16th,Guest Speaker,Very,Strongly agree,Strongly agree
Feb 16th,Guest Speaker,Very,Agree,Agree
Feb 16th,Guest Speaker,Very,Strongly agree,Strongly agree
Feb 16th,Guest Speaker,Very,Strongly agree,Strongly agree
Feb 16th,Guest Speaker,Very,Strongly agree,Strongly agree
Feb 16th,Guest Speaker,Very,Strongly agree,Strongly agree
Feb 16th,Guest Speaker,Fairly,Agree,Agree
Feb 16th,Guest Speaker,Very,Strongly agree,Strongly agree
Feb 16th,Guest Speaker,Very,Strongly agree,Strongly agree
Feb 16th,Guest Speaker,Very,Strongly agree,Strongly agree
Feb 16th,Guest Speaker,Very,Strongly agree,Strongly agree
Feb 16th,Guest Speaker,Fairly,Agree,Strongly agree
Feb 16th,Guest Speaker,Very,Agree,Strongly agree
Feb 16th,Guest Speaker,Fairly,Strongly agree,Strongly agree
Feb 16th,Guest Speaker,Fairly,Strongly agree,Strongly agree
Feb 16th,Guest Speaker,Fairly,Strongly agree,Strongly agree
Feb 16th,Guest Speaker,Very,Strongly agree,Strongly agree
Feb 16th,Guest Speaker,Very,Strongly agree,Strongly agree
Feb 16th,Guest Speaker,Very,Strongly agree,Strongly agree
Feb 16th,Guest Speaker,Fairly,Agree,Agree
Feb 16th,Guest Speaker,Fairly,Agree,Neutral
Feb 16th,Guest Speaker,Very,Strongly agree,Strongly agree
Feb 16th,Guest Speaker,Very,Strongly agree,Strongly agree
Feb 16th,Guest Speaker,Very,Strongly agree,Strongly agree
Feb 16th,Guest Speaker,Very,Strongly agree,Strongly agree
Feb 16th,Guest Speaker,Very,Neutral,Neutral
Feb 16th,Guest Speaker,Very,Strongly agree,Strongly agree
Feb 16th,Guest Speaker,Very,Agree,Agree
Feb 16th,Guest Speaker,Very,Strongly agree,Strongly agree
Feb 16th,Guest Speaker,Very,Strongly agree,Strongly agree
Feb 16th,Guest Speaker,Very,Strongly agree,Agree
Feb 16th,Guest Speaker,Fairly,Strongly agree,Strongly agree
Feb 16th,Guest Speaker,Fairly,Agree,Agree
Feb 16th,Guest Speaker,Very,Strongly agree,Strongly agree
Feb 16th,Guest Speaker,Somewhat,Strongly agree,Strongly agree
Feb 16th,Guest Speaker,Very,Strongly agree,Strongly agree
Feb 16th,Guest Speaker,Fairly,Strongly agree,Strongly agree
Feb 16th,Guest Speaker,Very,Strongly agree,Strongly agree
Feb 16th,Guest Speaker,Very,Strongly agree,Strongly agree
Feb 16th,Guest Speaker,Very,Strongly agree,Strongly agree
Feb 16th,Guest Speaker,Very,Strongly agree,Strongly agree
Feb 16th,Guest Speaker,Very,Strongly agree,Strongly agree
Feb 16th,Guest Speaker,Very,Agree,Agree
Feb 16th,Guest Speaker,Very,Agree,Agree
Feb 16th,Guest Speaker,Very,Strongly agree,Strongly agree
Feb 16th,Guest Speaker,Very,Strongly agree,Strongly agree
Feb 16th,Guest Speaker,Very,Strongly agree,Strongly agree
Feb 16th,Guest Speaker,Very,Strongly agree,Strongly agree
Feb 16th,Guest Speaker,Very,Agree,Agree
Feb 16th,Guest Speaker,Very,Agree,Agree
Mar 1st,Activity,Fairly,Strongly agree,Strongly agree
Mar 1st,Activity,Very,Strongly agree,Strongly agree
Mar 1st,Activity,Very,Strongly agree,Strongly agree
Mar 1st,Activity,Very,Strongly agree,Strongly agree
Mar 1st,Activity,Very,Strongly agree,Strongly agree
Mar 1st,Activity,Very,Strongly agree,Strongly agree
Mar 1st,Activity,Very,Strongly agree,Strongly agree
Mar 1st,Activity,Very,Strongly agree,Strongly agree
Mar 1st,Activity,Very,Strongly agree,Strongly agree
Mar 1st,Activity,Very,Strongly agree,Strongly agree
Mar 1st,Activity,Very,Strongly agree,Strongly agree
Mar 1st,Activity,Very,Agree,Agree
Mar 1st,Activity,Very,Agree,Strongly agree
Mar 1st,Activity,Fairly,Agree,Agree
Mar 1st,Activity,Very,Strongly agree,Strongly agree
Mar 1st,Activity,Very,Strongly agree,Strongly agree
Mar 1st,Activity,Very,Strongly agree,Strongly agree
Mar 1st,Activity,Very,Strongly agree,Strongly agree
Mar 1st,Activity,Very,Strongly agree,Strongly agree
Mar 1st,Activity,Very,Strongly agree,Strongly agree
Mar 1st,Activity,Fairly,Agree,Agree
Mar 1st,Activity,Very,Agree,Agree
Mar 1st,Activity,Very,Strongly agree,Strongly agree
Mar 1st,Activity,Very,Strongly agree,Strongly agree
Mar 1st,Activity,Fairly,Strongly agree,Strongly agree
Mar 1st,Activity,Very,Strongly agree,Strongly agree
Mar 1st,Activity,Very,Agree,Agree
Mar 1st,Activity,Very,Strongly agree,Strongly agree
Mar 1st,Activity,Very,Strongly agree,Strongly agree
Mar 1st,Activity,Very,Strongly agree,Strongly agree
Mar 1st,Activity,Very,Agree,Agree
Mar 1st,Activity,Fairly,Strongly agree,Strongly agree
Mar 1st,Activity,Fairly,Neutral,Neutral
Mar 1st,Activity,Very,Strongly agree,Strongly agree
Mar 1st,Activity,Very,Strongly agree,Strongly agree
Mar 1st,Activity,Very,Strongly agree,Strongly agree
Mar 1st,Activity,Fairly,Strongly agree,Strongly agree
Mar 1st,Activity,Very,Strongly agree,Strongly agree
Mar 1st,Activity,Fairly,Agree,Agree
Mar 1st,Activity,Very,Strongly agree,Strongly agree
Mar 1st,Activity,Somewhat,Agree,Neutral
Mar 1st,Activity,Very,Strongly agree,Strongly agree
Mar 1st,Activity,Fairly,Strongly agree,Strongly agree
Mar 1st,Activity,Very,Strongly agree,Strongly agree
Mar 1st,Activity,Very,Strongly agree,Strongly agree
Mar 1st,Activity,Very,Strongly agree,Strongly agree
Mar 1st,Activity,Very,Strongly agree,Strongly agree
Mar 1st,Activity,Very,Agree,Agree
Mar 1st,Activity,Very,Strongly agree,Strongly agree
Mar 1st,Activity,Very,Strongly agree,Strongly agree
Mar 1st,Activity,Very,Strongly agree,Strongly agree
Mar 1st,Activity,Very,Strongly agree,Strongly agree
Mar 1st,Activity,Very,Strongly agree,Strongly agree
Mar 1st,Activity,Fairly,Strongly agree,Strongly agree
Mar 1st,Activity,Very,Strongly agree,Strongly agree
Mar 1st,Activity,Very,Strongly agree,Strongly agree
Mar 1st,Activity,Very,Strongly agree,Strongly agree
Mar 1st,Activity,Very,Strongly agree,Strongly agree
Mar 1st,Activity,Very,Strongly agree,Strongly agree
Mar 1st,Activity,Somewhat,Agree,Agree
Mar 1st,Activity,Fairly,Agree,Agree
Mar 1st,Activity,Very,Strongly agree,Strongly agree
Mar 1st,Activity,Very,Strongly agree,Strongly agree
Mar 1st,Activity,Very,Strongly agree,Strongly agree
Mar 1st,Activity,Very,Strongly agree,Strongly agree
Mar 1st,Activity,Very,Strongly agree,Strongly agree
Mar 1st,Activity,Very,Agree,Agree
Mar 1st,Activity,Very,Agree,Agree
Mar 1st,Activity,Very,Strongly agree,Strongly agree
Mar 1st,Activity,Very,Strongly agree,Strongly agree
Mar 1st,Activity,Very,Strongly agree,Strongly agree
Mar 1st,Activity,Very,Agree,Agree
Mar 1st,Activity,Very,Strongly agree,Strongly agree
Mar 1st,Activity,Very,Strongly agree,Strongly agree
Mar 1st,Activity,Very,Strongly agree,Strongly agree
Mar 1st,Activity,Very,Strongly agree,Strongly agree
Mar 1st,Activity,Very,Agree,Agree
Mar 1st,Activity,Very,Strongly agree,Strongly agree
Mar 1st,Activity,Very,Strongly agree,Strongly agree
Mar 1st,Activity,Very,Strongly agree,Strongly agree
Mar 1st,Activity,Very,Strongly agree,Strongly agree
Mar 1st,Activity,Very,Strongly agree,Strongly agree
Mar 1st,Activity,Somewhat,Agree,Agree
Mar 1st,Activity,Very,Strongly agree,Strongly agree
Mar 1st,Activity,Very,Agree,Strongly agree
Mar 1st,Activity,Very,Strongly agree,Strongly agree
Mar 1st,Activity,Very,Strongly agree,Strongly agree
Mar 1st,Activity,Very,Strongly agree,Strongly agree
Mar 1st,Activity,Very,Strongly agree,Strongly agree
Mar 1st,Activity,Very,Strongly agree,Strongly agree
Mar 1st,Activity,Very,Strongly agree,Strongly agree
Mar 1st,Activity,Very,Strongly agree,Strongly agree
Mar 1st,Activity,Very,Strongly agree,Strongly agree
Mar 1st,Activity,Very,Strongly agree,Strongly agree
Mar 1st,Activity,Very,Strongly agree,Strongly agree
Mar 1st,Activity,Very,Strongly agree,Strongly agree
Mar 1st,Activity,Very,Strongly agree,Strongly agree
Mar 1st,Activity,Very,Strongly agree,Strongly agree
Mar 1st,Activity,Very,Strongly agree,Strongly agree
Mar 1st,Activity,Very,Strongly agree,Strongly agree
Mar 1st,Activity,Very,Strongly agree,Strongly agree
Mar 15th,Activity,Very,Strongly agree,Strongly agree
Mar 15th,Activity,Very,Strongly agree,Strongly agree
Mar 15th,Activity,Very,Strongly agree,Strongly agree
Mar 15th,Activity,Very,Strongly agree,Strongly agree
Mar 15th,Activity,Very,Strongly agree,Strongly agree
Mar 15th,Activity,Very,Strongly agree,Strongly agree
Mar 15th,Activity,Very,Strongly agree,Strongly agree
Mar 15th,Activity,Very,Strongly agree,Strongly agree
Mar 15th,Activity,Very,Strongly agree,Strongly agree
Mar 15th,Activity,Very,Strongly agree,Strongly agree
Mar 15th,Activity,Very,Strongly agree,Strongly agree
Mar 15th,Activity,Very,Strongly agree,Strongly agree
Mar 15th," Activity",Very,Strongly agree,Strongly agree
Mar 15th,Activity,Very,Strongly agree,Strongly agree
Mar 15th,Activity,Very,Agree,Agree
Mar 15th,Activity,Very,Strongly agree,Strongly agree
Mar 15th,Activity,Very,Strongly agree,Strongly agree
Mar 15th,Activity,Very,Strongly agree,Strongly agree
Mar 15th,Activity,Very,Strongly agree,Strongly agree
Mar 15th,Activity,Very,Strongly agree,Strongly agree
Mar 15th,Activity,Very,Strongly agree,Strongly agree
Mar 15th,Activity,Very,Agree,Agree
Mar 15th,Activity,Very,Strongly agree,Strongly agree
Mar 15th,Activity,Very,Strongly agree,Strongly agree
Mar 15th,Activity,Very,Strongly agree,Strongly agree
Mar 15th,Activity,Very,Strongly agree,Strongly agree
Mar 15th,Activity,Very,Strongly agree,Strongly agree
Mar 15th,Activity,Very,Strongly agree,Strongly agree
Mar 15th,Activity,Very,Strongly agree,Agree
Mar 15th,Activity,Very,Strongly agree,Strongly agree
Mar 15th,Activity,Very,Strongly agree,Strongly agree
Mar 15th,Activity,Very,Strongly agree,Strongly agree
Mar 15th,Activity,Very,Strongly agree,Strongly agree
Mar 15th,Activity,Very,Strongly agree,Strongly agree
Mar 15th,Activity,Very,Strongly agree,Strongly agree
Mar 15th,Activity,Very,Strongly agree,Strongly agree
Mar 15th,Activity,Very,Strongly agree,Strongly agree
Mar 15th,Activity,Very,Strongly agree,Strongly agree
Mar 15th,Activity,Very,Strongly agree,Strongly agree
Mar 15th,Activity,Very,Strongly agree,Strongly agree
Mar 15th,Activity,Fairly,Agree,Neutral
Mar 15th,Activity,Very,Strongly agree,Strongly agree
Mar 15th,Activity,Very,Strongly agree,Strongly agree
Mar 15th,Activity,Very,Strongly agree,Strongly agree
Mar 15th,Activity,Very,Strongly agree,Strongly agree
Mar 15th,Activity,Very,Strongly agree,Strongly agree
Mar 15th,Activity,Very,Strongly agree,Strongly agree
Mar 15th,Activity,Very,Strongly agree,Strongly agree
Mar 15th,Activity,Very,Strongly agree,Strongly agree
Mar 15th,Activity,Very,Strongly agree,Strongly agree
Mar 15th,Activity,Very,Strongly agree,Strongly agree
Mar 15th,Activity,Fairly,Agree,Agree
Mar 15th,Activity,Very,Strongly agree,Strongly agree
Mar 15th,Activity,Very,Strongly agree,Strongly agree
Mar 15th,Activity,Very,Strongly agree,Strongly agree
Mar 15th,Activity,Very,Strongly agree,Strongly agree
Mar 15th,Activity,Fairly,Agree,Agree
Mar 15th,Activity,Very,Strongly agree,Strongly agree
Mar 15th,Activity,Somewhat,Agree,Agree
Mar 15th,Activity,Very,Strongly agree,Strongly agree
Mar 15th,Activity,Fairly,Agree,Agree
Mar 15th,Activity,,Strongly agree,Strongly agree
Mar 15th,Activity,Very,Strongly agree,Strongly agree
Mar 15th,Activity,Very,Agree,Agree
Mar 15th,Activity,Very,Strongly agree,Strongly agree
Mar 15th,Activity,Very,Strongly agree,Strongly agree
Mar 15th,Activity,Very,Strongly agree,Strongly agree
Mar 15th,Activity,Very,Strongly agree,Strongly agree
Mar 15th,Activity,Very,Strongly agree,Strongly agree
Mar 15th,Activity,Very,Strongly agree,Strongly agree
Mar 15th,Activity,Very,Strongly agree,Strongly agree
Mar 15th,Activity,Very,Strongly agree,Strongly agree
Mar 15th,Activity,Very,Strongly agree,Strongly agree
Mar 15th,Activity,Very,Strongly agree,Agree
Mar 15th,Activity,Very,Strongly agree,Strongly agree
Mar 15th,Activity,Very,Strongly agree,Strongly agree
Mar 15th,Activity,Fairly,Strongly agree,Strongly agree
Mar 15th,Activity,Very,Strongly agree,Strongly agree
Mar 15th,Activity,Very,Strongly agree,Strongly agree
Apr 5th,Guest Speaker,Very,Strongly agree,Strongly agree
Apr 5th,Guest Speaker,Very,Strongly agree,Strongly agree
Apr 5th,Guest Speaker,Very,Strongly agree,Strongly agree
Apr 5th,Guest Speaker,Very,Strongly agree,Strongly agree
Apr 5th," Guest Speaker",Very,Strongly agree,Strongly agree
Apr 5th,Guest Speaker,Very,Strongly agree,Strongly agree
Apr 5th," Guest Speaker",Very,Strongly agree,Strongly agree
Apr 5th,Guest Speaker,Very,Strongly agree,Strongly agree
Apr 5th,Guest Speaker,Very,Strongly agree,Strongly agree
Apr 5th,Guest Speaker,Very,Strongly agree,Strongly agree
Apr 5th,Guest Speaker,Very,Strongly agree,Strongly agree
Apr 5th,Guest Speaker,Very,Strongly agree,Strongly agree
Apr 5th,Guest Speaker,Very,Strongly agree,Strongly agree
Apr 5th,Guest Speaker,Very,Strongly agree,Strongly agree
Apr 5th,Guest Speaker,Very,Strongly agree,Strongly agree
Apr 5th,Guest Speaker,Very,Strongly agree,Strongly agree
Apr 5th,Guest Speaker,Very,Strongly agree,Strongly agree
Apr 5th,Guest Speaker,Very,Strongly agree,Strongly agree
Apr 5th,Guest Speaker,Very,Strongly agree,Strongly agree
Apr 5th,Guest Speaker,Very,Strongly agree,Strongly agree
Apr 5th,Guest Speaker,Very,Strongly agree,Strongly agree
Apr 5th,Guest Speaker,Very,Strongly agree,Strongly agree
Apr 5th,Guest Speaker,Very,Strongly agree,Strongly agree
Apr 5th,Guest Speaker,Very,Strongly agree,Strongly agree
Apr 5th,Guest Speaker,Fairly,Agree,Neutral
Apr 5th,Guest Speaker,Fairly,Agree,Agree
Apr 5th,Guest Speaker,Very,Agree,Strongly agree
Apr 5th,Guest Speaker,Fairly,Strongly agree,Strongly agree
Apr 5th,Guest Speaker,Fairly,Strongly agree,Strongly agree
Apr 5th,Guest Speaker,Very,Strongly agree,Strongly agree
Apr 5th,Guest Speaker,Very,Strongly agree,Strongly agree
Apr 5th,Guest Speaker,Very,Strongly agree,Strongly agree
Apr 5th,Guest Speaker,Very,Strongly agree,Strongly agree
Apr 5th,Guest Speaker,Very,Strongly agree,Strongly agree
Apr 5th,Guest Speaker,Very,Strongly agree,Strongly agree
Apr 5th,Guest Speaker,Very,Strongly agree,Strongly agree
Apr 5th,Guest Speaker,Very,Strongly agree,Strongly agree
Apr 5th,Guest Speaker,Very,Agree,Agree
Apr 5th,Guest Speaker,Very,Strongly agree,Strongly agree
Apr 5th,Guest Speaker,Very,Strongly agree,Strongly agree
Apr 5th,Guest Speaker,Very,Strongly agree,Strongly agree
Apr 5th,Guest Speaker,Very,Strongly agree,Strongly agree
Apr 5th,Guest Speaker,Very,Strongly agree,Strongly agree
Apr 5th,Guest Speaker,Very,Strongly agree,Strongly agree
Apr 5th,Guest Speaker,Fairly,Agree,Agree
Apr 5th,Guest Speaker,Very,Strongly agree,Strongly agree
Apr 5th,Guest Speaker,Very,Strongly agree,Strongly agree
Apr 5th,Guest Speaker,Very,Agree,Agree
Apr 5th,Guest Speaker,Very,Strongly agree,Strongly agree
Apr 5th,Guest Speaker,Very,Agree,Agree
Apr 5th,Guest Speaker,Very,Strongly agree,Strongly agree
Apr 5th,Guest Speaker,Very,Strongly agree,Strongly agree
Apr 5th,Guest Speaker,Very,Strongly agree,Strongly agree
Apr 5th,Guest Speaker,Very,Strongly agree,Strongly agree
Apr 5th,Guest Speaker,Very,Strongly agree,Strongly agree
Apr 5th,Guest Speaker,Very,Strongly agree,Strongly agree
Apr 5th,Guest Speaker,Very,Strongly agree,Strongly agree
Apr 5th,Guest Speaker,Very,Strongly agree,Strongly agree
Apr 5th,Guest Speaker,Very,Strongly agree,Strongly agree
Apr 5th,Guest Speaker,Very,Strongly agree,Strongly agree
Apr 5th,Guest Speaker,Very,Strongly agree,Strongly agree
Apr 5th,Guest Speaker,Very,Strongly agree,Strongly agree
Apr 5th,Guest Speaker,Very,Strongly agree,Strongly agree
Apr 5th,Guest Speaker,Very,Strongly agree,Strongly agree
Apr 5th,Guest Speaker,Very,Strongly agree,Strongly agree
Apr 5th,Guest Speaker,Very,Strongly agree,Strongly agree
Apr 5th,Guest Speaker,Very,Strongly agree,Strongly agree
Apr 5th,Guest Speaker,Very,Strongly agree,Strongly agree
Apr 5th,Guest Speaker,Very,Strongly agree,Strongly agree
Apr 5th,Guest Speaker,Very,Strongly agree,Strongly agree
Apr 5th,Guest Speaker,Very,Strongly agree,Strongly agree
Apr 5th,Guest Speaker,Very,Strongly agree,Strongly agree
Apr 5th,Guest Speaker,Very,Strongly agree,Agree
Apr 5th,Guest Speaker,Very,Strongly agree,Strongly agree
Apr 5th,Guest Speaker,Very,Agree,Agree
Apr 5th,Guest Speaker,Very,Agree,Agree
Apr 5th,Guest Speaker,Fairly,Agree,Agree
Apr 5th,Guest Speaker,Very,Strongly agree,Strongly agree
Apr 5th,Guest Speaker,Very,Strongly agree,Strongly agree
Apr 5th,Guest Speaker,Very,Neutral,Strongly agree
Apr 5th,Guest Speaker,Fairly,Agree,Agree
Apr 5th,Guest Speaker,Very,Strongly agree,Strongly agree
Apr 5th,Guest Speaker,Very,Strongly agree,Strongly agree
Apr 5th,Guest Speaker,Very,Strongly agree,Strongly agree
Apr 5th,Guest Speaker,Very,Strongly agree,Strongly agree
Apr 5th,Guest Speaker,Very,Strongly agree,Strongly agree
Apr 5th,Guest Speaker,Very,Strongly agree,Strongly agree
Apr 5th,Guest Speaker,Very,Strongly agree,Strongly agree
Apr 19th,Activity,Very,Strongly agree,Strongly agree
Apr 19th,Activity,Very,Strongly agree,Strongly agree
Apr 19th,Activity,Very,Strongly agree,Strongly agree
Apr 19th,Activity,Very,Strongly agree,Strongly agree
Apr 19th,Activity,Very,Strongly agree,Strongly agree
Apr 19th,Activity,Very,Agree,Agree
Apr 19th,Activity,Very,Strongly agree,Strongly agree
Apr 19th,Activity,Fairly,Agree,Agree
Apr 19th,Activity,Very,Strongly agree,Strongly agree
Apr 19th,Activity,Very,Strongly agree,Strongly agree
Apr 19th,Activity,Very,Strongly agree,Strongly agree
Apr 19th,Activity,Very,Strongly agree,Strongly agree
Apr 19th,Activity,Very,Strongly agree,Strongly agree
Apr 19th,Activity,Very,Strongly agree,Strongly agree
Apr 19th,Activity,Very,Strongly agree,Strongly agree
Apr 19th,Activity,Very,Strongly agree,Strongly agree
Apr 19th,Activity,Very,Strongly agree,Strongly agree
Apr 19th,Activity,Very,Strongly agree,Strongly agree
Apr 19th,Activity,Fairly,Agree,Agree
Apr 19th,Activity,Very,Strongly agree,Strongly agree
Apr 19th,Activity,Very,Strongly agree,Strongly agree
Apr 19th,Activity,Very,Strongly agree,Strongly agree
Apr 19th,Activity,Very,Strongly agree,Strongly agree
Apr 19th,Activity,Very,Strongly agree,Strongly agree
Apr 19th,Activity,Very,Strongly agree,Strongly agree
Apr 19th,Activity,Very,Strongly agree,Strongly agree
Apr 19th,Activity,Very,Strongly agree,Strongly agree
Apr 19th,Activity,Very,Strongly agree,Strongly agree
Apr 19th,Activity,Very,Strongly agree,Strongly agree
Apr 19th,Activity,Very,Strongly agree,Strongly agree
Apr 19th,Activity,Very,Strongly agree,Strongly agree
Apr 19th,Activity,Very,Agree,Agree
Apr 19th,Activity,Very,Strongly agree,Strongly agree
Apr 19th,Activity,Fairly,Strongly agree,Strongly agree
Apr 19th,Activity,Very,Strongly agree,Strongly agree
Apr 19th,Activity,Very,Strongly agree,Strongly agree
Apr 19th,Activity,Very,Strongly agree,Strongly agree
Apr 19th,Activity,Very,Agree,Agree
Apr 19th,Activity,Very,Strongly agree,Strongly agree
Apr 19th,Activity,Very,Strongly agree,Strongly agree
Apr 19th,Activity,Very,Agree,Agree
Apr 19th,Activity,Very,Strongly agree,Strongly agree
Apr 19th,Activity,Very,Strongly agree,Strongly agree
Apr 19th,Activity,Very,Strongly agree,Strongly agree
Apr 19th,Activity,Very,Agree,Agree
Apr 19th,Activity,Very,Agree,Agree
Apr 19th,Activity,Very,Strongly agree,Strongly agree
Apr 19th,Activity,Very,Strongly agree,Strongly agree
Apr 19th,Activity,Very,Strongly agree,Strongly agree
Apr 19th,Activity,Very,Strongly agree,Strongly agree
Apr 19th,Activity,Very,Strongly agree,Strongly agree
Apr 19th,Activity,Very,Strongly agree,Strongly agree
Apr 19th,Activity,Very,Strongly agree,Strongly agree
Apr 19th,Activity,Very,Strongly agree,Strongly agree
Apr 19th,Activity,Very,Strongly agree,Strongly agree
Apr 19th,Activity,Very,Strongly agree,Strongly agree
Apr 19th,Activity,Fairly,Agree,Agree
Apr 19th,Activity,Very,Strongly agree,Strongly agree
Apr 19th,Activity,Very,Strongly agree,Strongly agree
Apr 19th,Activity,Very,Strongly agree,Strongly agree
Apr 19th,Activity,Very,Strongly agree,Strongly agree
Apr 19th,Activity,Very,Strongly agree,Strongly agree
Apr 19th,Activity,Very,Strongly agree,Strongly agree
Apr 19th,Activity,Very,Strongly agree,Strongly agree
Apr 19th,Activity,Very,Strongly agree,Strongly agree
Apr 19th,Activity,Very,Strongly agree,Strongly agree
Apr 19th,Activity,Very,Strongly agree,Strongly agree
Apr 19th,Activity,Very,Strongly agree,Strongly agree
Apr 19th,Activity,Very,Strongly agree,Strongly agree
Apr 19th,Activity,Very,Strongly agree,Strongly agree
Apr 19th,Activity,Very,Strongly agree,Strongly agree
Apr 19th,Activity,Very,Strongly agree,Strongly agree
Apr 19th,Activity,Very,Strongly agree,Strongly agree
Apr 19th,Activity,Very,Strongly agree,Strongly agree
Apr 19th,Activity,Very,Strongly agree,Strongly agree
Apr 19th,Activity,Very,Strongly agree,Strongly agree
Apr 19th,Activity,Very,Strongly agree,Strongly agree
Apr 19th,Activity,Very,Strongly agree,Strongly agree
Apr 19th,Activity,Very,Strongly agree,Strongly agree
Apr 19th,Activity,Very,Strongly agree,Strongly agree
Apr 19th,Activity,Very,Strongly agree,Strongly agree
Apr 19th,Activity,Very,Agree,Agree
Apr 19th,Activity,Very,Strongly agree,Strongly agree
Apr 19th,Activity,Very,Strongly agree,Strongly agree
Apr 19th,Activity,Very,Strongly agree,Strongly agree
Apr 19th,Activity,Very,Strongly agree,Strongly agree
Apr 19th,Activity,Very,Strongly agree,Strongly agree
May 3rd,Activity,Very,Strongly agree,Strongly agree
May 3rd,Activity,Fairly,Strongly agree,Strongly agree
May 3rd,Activity,Fairly,Strongly agree,Strongly agree
May 3rd,Activity,Very,Strongly agree,Strongly agree
May 3rd,Activity,Very,Strongly agree,Strongly agree
May 3rd,Activity,Very,Strongly agree,Strongly agree
May 3rd,Activity,Very,Strongly agree,Strongly agree
May 3rd,Activity,Very,Strongly agree,Strongly agree
May 3rd,Activity,Very,Agree,Strongly agree
May 3rd,Activity,Fairly,Agree,Agree
May 3rd,Activity,Fairly,Agree,Neutral
May 3rd,Activity,Very,Strongly agree,Strongly agree
May 3rd,Activity,Very,Strongly agree,Strongly agree
May 3rd,Activity,Very,Strongly agree,Strongly agree
May 3rd,Activity,Very,Strongly agree,Strongly agree
May 3rd,Activity,Fairly,Strongly agree,Strongly agree
May 3rd,Activity,Fairly,Strongly agree,Strongly agree
May 3rd,Activity,Very,Strongly agree,Strongly agree
May 3rd,Activity,Very,Strongly agree,Strongly agree
May 3rd,Activity,Very,Strongly agree,Strongly agree
May 3rd,Activity,Fairly,Strongly agree,Strongly agree
May 3rd,Activity,Fairly,Strongly agree,Strongly agree
May 3rd,Activity,Very,Strongly agree,Strongly agree
May 3rd,Activity,Very,Strongly agree,Strongly agree
May 3rd,Activity,Very,Strongly agree,Strongly agree
May 3rd,Activity,Fairly,Strongly agree,Strongly agree
May 3rd,Activity,Very,Strongly agree,Strongly agree
May 3rd,Activity,Very,Strongly agree,Strongly agree
May 3rd,Activity,Very,Strongly agree,Strongly agree
May 3rd,Activity,Very,Strongly agree,Strongly agree
May 3rd,Activity,Very,Strongly agree,Strongly agree
May 3rd,Activity,Very,Strongly agree,Strongly agree
May 3rd,Activity,Fairly,Agree,Agree
May 3rd,Activity,Fairly,Agree,Agree
May 3rd,Activity,Very,Strongly agree,Strongly agree
May 3rd,Activity,Fairly,Agree,Agree
May 3rd,Activity,Very,Strongly agree,Strongly agree
May 3rd,Activity,Very,Agree,Agree
May 3rd,Activity,Very,Strongly agree,Strongly agree
May 3rd,Activity,Very,Strongly agree,Strongly agree
May 3rd,Activity,Very,Strongly agree,Strongly agree
May 3rd,Activity,Fairly,Strongly agree,Strongly agree
May 3rd,Activity,Somewhat,Agree,Agree
May 3rd,Activity,Fairly,Agree,Strongly agree
May 3rd,Activity,Very,Strongly agree,Strongly agree
May 3rd,Activity,Very,Strongly agree,Strongly agree
May 3rd,Activity,Very,Strongly agree,Strongly agree
May 3rd,Activity,Very,Strongly agree,Strongly agree
May 3rd,Activity,Very,Strongly agree,Strongly agree
May 3rd,Activity,Very,Strongly agree,Strongly agree
May 3rd,Activity,Very,Agree,Agree
May 3rd,Activity,Very,Strongly agree,Strongly agree
May 3rd,Activity,Fairly,Agree,Agree
May 3rd,Activity,Very,Strongly agree,Strongly agree
May 3rd,Activity,Very,Strongly agree,Strongly agree
May 3rd,Activity,Somewhat,,Strongly agree
May 3rd,Activity,Very,Agree,Strongly agree
May 3rd,Activity,Very,Strongly agree,Strongly agree
May 3rd,Activity,Very,Strongly agree,Strongly agree
May 3rd,Activity,Very,Strongly agree,Strongly agree
May 3rd,Activity,Fairly,Strongly agree,Strongly agree
May 3rd,Activity,Very,Strongly agree,Strongly agree
May 3rd,Activity,Very,Strongly agree,Strongly agree
May 3rd,Activity,Very,Strongly agree,Strongly agree
May 3rd,Activity,Fairly,Agree,Agree
May 3rd,Activity,Fairly,Agree,Agree
May 3rd,Activity,Very,Agree,Agree
May 3rd,Activity,Very,Strongly agree,Strongly agree
May 3rd,Activity,Fairly,Agree,Agree
May 3rd,Activity,Fairly,Agree,Agree
May 3rd,Activity,Very,Strongly agree,Strongly agree
May 3rd,Activity,Very,Strongly agree,Strongly agree
May 3rd,Activity,Very,Strongly agree,Strongly agree
May 3rd,Activity,Very,Strongly agree,Agree
May 3rd,Activity,Very,Strongly agree,Strongly agree
May 3rd,Activity,Very,Strongly agree,Strongly agree
May 3rd,Activity,Very,Strongly agree,Strongly agree
May 3rd,Activity,Very,Strongly agree,Strongly agree
May 3rd,Activity,Very,Agree,Agree
May 3rd,Activity,Very,Strongly agree,Strongly agree
May 3rd,Activity,Very,Strongly agree,Strongly agree
